company,store_name,address
ツルハドラッグ,ツルハドラッグ つがる柏店,青森県つがる市柏広須志野田166-1
ツルハドラッグ,ツルハドラッグ みなと店,青森県八戸市湊町字新井田道12-1
ツルハドラッグ,ツルハドラッグ むつ大平店,青森県むつ市大平町21番6号
ツルハドラッグ,ツルハドラッグ むつ店,青森県むつ市小川町1丁目9番31号
ツルハドラッグ,ツルハドラッグ むつ旭町店,青森県むつ市旭町3番12号
ツルハドラッグ,ツルハドラッグ むつ柳町店,青森県むつ市大字田名部字前田３８-１
ツルハドラッグ,ツルハドラッグ アクロス五所川原店,青森県五所川原市大字唐笠柳字藤巻626番地
ツルハドラッグ,ツルハドラッグ 七戸店,青森県上北郡七戸町字笊田川久保32-2
ツルハドラッグ,ツルハドラッグ 三戸店,青森県三戸郡三戸町川守田字下比良35外
ツルハドラッグ,ツルハドラッグ 三沢南山店,青森県三沢市大字三沢字南山73番3号
ツルハドラッグ,ツルハドラッグ 三沢南町店,青森県三沢市南町2丁目31-161
ツルハドラッグ,ツルハドラッグ 五所川原広田店,青森県五所川原市大字広田字柳沼41-2
ツルハドラッグ,ツルハドラッグ 五所川原店,青森県五所川原市唐笠柳517-7
ツルハドラッグ,ツルハドラッグ 五所川原本町店,青森県五所川原市字本町25-2
ツルハドラッグ,ツルハドラッグ 五所川原松島店,青森県五所川原市大字漆川字袖掛158番18
ツルハドラッグ,ツルハドラッグ 八戸八太郎店,青森県八戸市八太郎2丁目22番１
ツルハドラッグ,ツルハドラッグ 八戸大杉平店,青森県八戸市根城2丁目2番6
ツルハドラッグ,ツルハドラッグ 八戸小中野店,青森県八戸市小中野4丁目5番18号
ツルハドラッグ,ツルハドラッグ 八戸市民病院前店,青森県八戸市田向3丁目2番19号
ツルハドラッグ,ツルハドラッグ 八戸諏訪店,青森県八戸市諏訪3丁目3番20号
ツルハドラッグ,ツルハドラッグ 八戸鮫店,青森県八戸市21-1
ツルハドラッグ,ツルハドラッグ 十八日町店,青森県八戸市十八日町27
ツルハドラッグ,ツルハドラッグ 十和田中央店,青森県十和田市稲生町13番39号
ツルハドラッグ,ツルハドラッグ 十和田南店,青森県十和田市東四番町４番３０号
ツルハドラッグ,ツルハドラッグ 城東店,青森県弘前市大字田園2丁目3-1
ツルハドラッグ,ツルハドラッグ 大野店,青森県青森市金沢3丁目12番21号
ツルハドラッグ,ツルハドラッグ 安原店,青森県弘前市泉野1丁目4番地5
ツルハドラッグ,ツルハドラッグ 平内店,青森県東津軽郡平内町小湊家ノ下15-4
ツルハドラッグ,ツルハドラッグ 平賀店,青森県平川市小和森上松岡216番
ツルハドラッグ,ツルハドラッグ 弘前堅田店,青森県弘前市大字堅田2丁目2番22
ツルハドラッグ,ツルハドラッグ 弘前境関店,青森県弘前市大字境関一丁目2-2
ツルハドラッグ,ツルハドラッグ 弘前外崎店,青森県弘前市大字外崎３丁目５-１
ツルハドラッグ,ツルハドラッグ 弘前岩木店,青森県弘前市大字一町田字村元714
ツルハドラッグ,ツルハドラッグ 弘前樹木店,青森県弘前市大字樹木4丁目3番地1
ツルハドラッグ,ツルハドラッグ 弘前浜の町店,青森県弘前市大字浜の町西2丁目2-7
ツルハドラッグ,ツルハドラッグ 弘前石渡店,青森県弘前市大字石渡4丁目13番地4
ツルハドラッグ,ツルハドラッグ 弘前神田店,青森県弘前市大字神田5丁目6-2
ツルハドラッグ,ツルハドラッグ 弘前西城北店,青森県弘前市大字西城北1丁目2番４
ツルハドラッグ,ツルハドラッグ 弘前駅前店,青森県弘前市大字駅前2丁目6番地2
ツルハドラッグ,ツルハドラッグ 本八戸駅前店,青森県八戸市城下2丁目1-12
ツルハドラッグ,ツルハドラッグ 板柳店,青森県北津軽郡板柳町大字灰沼字東267-1
ツルハドラッグ,ツルハドラッグ 板柳福野田店,青森県北津軽郡板柳町大字福野田字実田4番地15
ツルハドラッグ,ツルハドラッグ 河原木店,青森県八戸市下長四丁目1-9
ツルハドラッグ,ツルハドラッグ 浪岡店,青森県青森市浪岡大字杉沢字井ノ下144-1
ツルハドラッグ,ツルハドラッグ 湊高台店,青森県八戸市湊高台三丁目7-1
ツルハドラッグ,ツルハドラッグ 福地南部店,青森県三戸郡南部町大字苫米地字白山堂1-2
ツルハドラッグ,ツルハドラッグ 野辺地店,青森県上北郡野辺地町字野辺地41-1
ツルハドラッグ,ツルハドラッグ 青森三内店,青森県青森市大字三内字玉作1-51
ツルハドラッグ,ツルハドラッグ 青森南佃店,青森県青森市南佃一丁目４４番１号
ツルハドラッグ,ツルハドラッグ 青森原別店,青森県青森市原別一丁目１番３３号
ツルハドラッグ,ツルハドラッグ 青森富田店,青森県青森市富田3丁目9-1
ツルハドラッグ,ツルハドラッグ 青森新城店,青森県青森市大字新城字平岡175-38
ツルハドラッグ,ツルハドラッグ 青森新田店,青森県青森市新田2丁目2番16号
ツルハドラッグ,ツルハドラッグ 青森本町店,青森県青森市本町4丁目9番5号
ツルハドラッグ,ツルハドラッグ 青森桜川店,青森県青森市桜川七丁目5番10号
ツルハドラッグ,ツルハドラッグ 青森浜田店,青森県青森市大字浜田字玉川251番地2
ツルハドラッグ,ツルハドラッグ 青森港町店,青森県青森市港町三丁目6番24号
ツルハドラッグ,ツルハドラッグ 鯵ヶ沢店,青森県西津軽郡鰺ヶ沢町大字舞戸町字久富17-8
ハッピードラッグ,ハッピー・ドラッグ つがる木造店,青森県つがる市木造浮巣51-1
ハッピードラッグ,ハッピー・ドラッグ つがる森田店,青森県つがる市森田町山田渕浪90
ハッピードラッグ,ハッピー・ドラッグ むつとまぶモール店,青森県むつ市金曲1-2-4
ハッピードラッグ,ハッピー・ドラッグ むつ中央店,青森県むつ市旭町2-30
ハッピードラッグ,ハッピー・ドラッグ むつ大畑店,青森県むつ市大畑町中島39-26
ハッピードラッグ,ハッピー・ドラッグ むつ金谷店,青森県むつ市金谷2-22-1
ハッピードラッグ,ハッピー・ドラッグ 三沢堀口店,青森県三沢市堀口3-1-5
ハッピードラッグ,ハッピー・ドラッグ 三沢岡三沢店,青森県三沢市下久保1-1-3
ハッピードラッグ,ハッピー・ドラッグ 三沢松園町店,青森県三沢市松園町3-1-1
ハッピードラッグ,ハッピー・ドラッグ 五所川原広田店,青森県五所川原市姥萢船橋242-6
ハッピードラッグ,ハッピー・ドラッグ 五所川原松島店,青森県五所川原市一ツ谷548-1
ハッピードラッグ,ハッピー・ドラッグ 五所川原金木店,青森県五所川原市金木町沢部454-8
ハッピードラッグ,ハッピー・ドラッグ 八戸一番町店,青森県八戸市尻内町八百刈39-2
ハッピードラッグ,ハッピー・ドラッグ 八戸下長店,青森県八戸市下長3-13-8
ハッピードラッグ,ハッピー・ドラッグ 八戸吹上店,青森県八戸市吹上2-16-22
ハッピードラッグ,ハッピー・ドラッグ 八戸売市店,青森県八戸市根城9-5-3
ハッピードラッグ,ハッピー・ドラッグ 八戸旭ヶ丘店,青森県八戸市新井田字小久保尻16-127
ハッピードラッグ,ハッピー・ドラッグ 八戸根城店,青森県八戸市根城2-26-27
ハッピードラッグ,ハッピー・ドラッグ 八戸桔梗野店,青森県八戸市松ケ丘5-1
ハッピードラッグ,ハッピー・ドラッグ 八戸湊中道店,青森県八戸市湊町中道55
ハッピードラッグ,ハッピー・ドラッグ 八戸湊高台中央店,青森県八戸市湊高台4-18-13
ハッピードラッグ,ハッピー・ドラッグ 八戸湊高台店,青森県八戸市湊高台5-1-18
ハッピードラッグ,ハッピー・ドラッグ 八戸田向店,青森県八戸市田向2-12-8
ハッピードラッグ,ハッピー・ドラッグ 八戸類家中央店,青森県八戸市類家4-41-5
ハッピードラッグ,ハッピー・ドラッグ 八戸類家店,青森県八戸市南類家3-2-12
ハッピードラッグ,ハッピー・ドラッグ 十和田元町東店,青森県十和田市元町東3-3-35
ハッピードラッグ,ハッピー・ドラッグ 十和田元町西店,青森県十和田市元町西4-3-30
ハッピードラッグ,ハッピー・ドラッグ 十和田穂並町店,青森県十和田市穂並町7-3
ハッピードラッグ,ハッピー・ドラッグ 十和田西金崎店,青森県十和田市西23-60-19
ハッピードラッグ,ハッピー・ドラッグ 平川尾上店,青森県平川市尾上栄松48-1
ハッピードラッグ,ハッピー・ドラッグ 平川平賀店,青森県平川市本町平野12-9
ハッピードラッグ,ハッピー・ドラッグ 弘前和徳店,青森県弘前市和徳町165
ハッピードラッグ,ハッピー・ドラッグ 弘前土手町店,青森県弘前市土手町89-1
ハッピードラッグ,ハッピー・ドラッグ 弘前城東中央店,青森県弘前市城東中央3-3-1
ハッピードラッグ,ハッピー・ドラッグ 弘前城東店,青森県弘前市田園3-5-12
ハッピードラッグ,ハッピー・ドラッグ 弘前堅田店,青森県弘前市青山1-11-2
ハッピードラッグ,ハッピー・ドラッグ 弘前大原店,青森県弘前市大原2-5-26
ハッピードラッグ,ハッピー・ドラッグ 弘前岩木店,青森県弘前市一町田村元712-1
ハッピードラッグ,ハッピー・ドラッグ 弘前桔梗野店,青森県弘前市桔梗野1-2-2
ハッピードラッグ,ハッピー・ドラッグ 弘前樋の口店,青森県弘前市樋の口2-9-6イオンタウン弘前樋の口内
ハッピードラッグ,ハッピー・ドラッグ 弘前浜の町店,青森県弘前市浜の町西1-5-21
ハッピードラッグ,ハッピー・ドラッグ 青森おいらせ店,青森県上北郡おいらせ町牛込平80-1
ハッピードラッグ,ハッピー・ドラッグ 青森おいらせ青葉店,青森県上北郡おいらせ町青葉5-50-1486
ハッピードラッグ,ハッピー・ドラッグ 青森のぎわ店,青森県青森市羽白字沢田306-1
ハッピードラッグ,ハッピー・ドラッグ 青森やえだ店,青森県青森市東造道3-15-1
ハッピードラッグ,ハッピー・ドラッグ 青森三内店,青森県青森市三内玉作2-72
ハッピードラッグ,ハッピー・ドラッグ 青森三戸店,青森県三戸郡三戸町同心町字古間木平1-1
ハッピードラッグ,ハッピー・ドラッグ 青森上北町店,青森県上北郡東北町旭北1-3-16
ハッピードラッグ,ハッピー・ドラッグ 青森中央店,青森県青森市東大野2-8-4
ハッピードラッグ,ハッピー・ドラッグ 青森中里店,青森県北津軽郡中泊町中里字紅葉坂159-1
ハッピードラッグ,ハッピー・ドラッグ 青森久須志店,青森県青森市久須志3-18-7
ハッピードラッグ,ハッピー・ドラッグ 青森五戸店,青森県三戸郡五戸町中道8-1
ハッピードラッグ,ハッピー・ドラッグ 青森佃店,青森県青森市中佃3-7-13
ハッピードラッグ,ハッピー・ドラッグ 青森八重田SC店,青森県青森市造道3-25-1
ハッピードラッグ,ハッピー・ドラッグ 青森六戸店,青森県上北郡六戸町犬落瀬後田52-5
ハッピードラッグ,ハッピー・ドラッグ 青森勝田店,青森県青森市勝田1-20-1
ハッピードラッグ,ハッピー・ドラッグ 青森南佃店,青森県青森市南佃2-7-10
ハッピードラッグ,ハッピー・ドラッグ 青森大間店,青森県下北郡大間町大間字奥戸上道17-1
ハッピードラッグ,ハッピー・ドラッグ 青森大鰐店,青森県南津軽郡大鰐町大鰐字前田5-1
ハッピードラッグ,ハッピー・ドラッグ 青森奥野店,青森県青森市奥野2-26-10
ハッピードラッグ,ハッピー・ドラッグ 青森幸畑店,青森県青森市幸畑5-1-3
ハッピードラッグ,ハッピー・ドラッグ 青森戸山店,青森県青森市蛍沢4-2-8
ハッピードラッグ,ハッピー・ドラッグ 青森新城店,青森県青森市新城平岡258-258
ハッピードラッグ,ハッピー・ドラッグ 青森旭町通店,青森県青森市金沢3-27-22
ハッピードラッグ,ハッピー・ドラッグ 青森松原店,青森県青森市松原3-13-21
ハッピードラッグ,ハッピー・ドラッグ 青森沖館店,青森県青森市柳川2-4-22
ハッピードラッグ,ハッピー・ドラッグ 青森油川店,青森県青森市油川浪返102-1
ハッピードラッグ,ハッピー・ドラッグ 青森浜館店,青森県青森市浜館6-4-21
ハッピードラッグ,ハッピー・ドラッグ 青森浪岡店,青森県青森市浪岡大字浪岡字若松124-1
ハッピードラッグ,ハッピー・ドラッグ 青森浪打店,青森県青森市佃1-20-30
ハッピードラッグ,ハッピー・ドラッグ 青森浪館店,青森県青森市浪館前田4-6-1
ハッピードラッグ,ハッピー・ドラッグ 青森深浦店,青森県西津軽郡深浦町深浦苗代沢27-1
ハッピードラッグ,ハッピー・ドラッグ 青森藤崎店,青森県南津軽郡藤崎町葛野新岡元109
ハッピードラッグ,ハッピー・ドラッグ 青森蟹田店,青森県東津軽郡外ヶ浜町蟹田中師火箱沢29-3
ハッピードラッグ,ハッピー・ドラッグ 青森西大野店,青森県青森市西大野3-13-8
ハッピードラッグ,ハッピー・ドラッグ 青森観光通店,青森県青森市緑3-11-8
ハッピードラッグ,ハッピー・ドラッグ 青森野辺地店,青森県上北郡野辺地町二本木25-5
ハッピードラッグ,ハッピー・ドラッグ 青森階上店,青森県三戸郡階上町道仏字耳ヶ吠33-44
ハッピードラッグ,ハッピー・ドラッグ 青森鰺ヶ沢店,青森県西津軽郡鰺ヶ沢町舞戸町字下富田58-1
ハッピードラッグ,ハッピー・ドラッグ 青森鶴田店,青森県北津軽郡鶴田町鶴田沖津47-1
ハッピードラッグ,ハッピー・ドラッグ 黒石北美店,青森県黒石市北美町1-42-2
