company,store_name,address,place_id,latitude,longitude,source
ツルハドラッグ,調剤薬局ツルハドラッグ 黒石店,青森県黒石市錦町8-6,official_0749b7094e28bd78,40.64628004872199,140.60200391827092,official_tsuruha
ツルハドラッグ,調剤薬局ツルハドラッグ 黒石一番町店,青森県黒石市一番町189番地,official_91744083f7e9b715,40.6492025893457,140.593317654857,official_tsuruha
ツルハドラッグ,ツルハドラッグ 平賀店,青森県平川市小和森上松岡216番,official_661d3de76ede23b1,40.58868782,140.5685905,official_tsuruha
ツルハドラッグ,ツルハドラッグ 青森浜田店,青森県青森市大字浜田字玉川251番地2,official_ad9ef4557c464c76,40.79711217904705,140.7622215459227,official_tsuruha
ツルハドラッグ,ツルハドラッグ 青森桜川店,青森県青森市桜川七丁目5番10号,official_0543be6e50f56f71,40.80889621043765,140.77069816140144,official_tsuruha
ツルハドラッグ,ツルハドラッグ 青森南佃店,青森県青森市南佃一丁目４４番１号,official_78b123189c480f95,40.81257143599318,140.78234985798088,official_tsuruha
ツルハドラッグ,ツルハドラッグ 浪岡店,青森県青森市浪岡大字杉沢字井ノ下144-1,official_87e5889ea1ca3caa,40.72048064665738,140.5894194983303,official_tsuruha
ツルハドラッグ,ツルハドラッグ 大野店,青森県青森市金沢3丁目12番21号,official_24c3f105ef908fec,40.80869790478009,140.73467621877217,official_tsuruha
ツルハドラッグ,調剤薬局ツルハドラッグ 大野店,青森県青森市金沢三丁目12番21号,official_e7590f8b5f6cf1ad,40.80870456463952,140.73468572885545,official_tsuruha
ツルハドラッグ,ツルハドラッグ 青森港町店,青森県青森市港町三丁目6番24号,official_c6ddec7e1d6b79f5,40.8303899,140.7692391,official_tsuruha
ツルハドラッグ,ツルハドラッグ 青森本町店,青森県青森市本町4丁目9番5号,official_4c0c96e838b919bd,40.82880190616066,140.75371678089294,official_tsuruha
ツルハドラッグ,ツルハドラッグ 青森原別店,青森県青森市原別一丁目１番３３号,official_9dc4adae9faf18f5,40.8366382,140.7979665,official_tsuruha
ツルハドラッグ,ツルハドラッグ 青森三内店,青森県青森市大字三内字玉作1-51,official_6221cbae6931f0cb,40.82185646999999,140.71121088220897,official_tsuruha
ツルハドラッグ,ツルハドラッグ 城東店,青森県弘前市大字田園2丁目3-1,official_93188951bd030202,40.60258363184197,140.5064082365123,official_tsuruha
ツルハドラッグ,ツルハドラッグ 青森富田店,青森県青森市富田3丁目9-1,official_6dc7f7f4ef6903de,40.83257182202839,140.71175283494867,official_tsuruha
ツルハドラッグ,ツルハドラッグ 弘前境関店,青森県弘前市大字境関一丁目2-2,official_c8ed4bc1b4ddb101,40.6118168,140.5045591,official_tsuruha
ツルハドラッグ,調剤薬局ツルハドラッグ 弘前アルカディア店,青森県弘前市大字扇町3丁目1-2,official_a8d859a38f40c5d4,40.58498835621411,140.50021265874634,official_tsuruha
ツルハドラッグ,調剤薬局ツルハドラッグ 弘前外崎店,青森県弘前市大字外崎3丁目5-1,official_6e8874f1d0584c32,40.596414810273366,140.4986513563942,official_tsuruha
ツルハドラッグ,ツルハドラッグ 弘前外崎店,青森県弘前市大字外崎３丁目５-１,official_b152897c863b25d0,40.596418892086845,140.49864640340763,official_tsuruha
ツルハドラッグ,ツルハドラッグ 青森新田店,青森県青森市新田2丁目2番16号,official_e7c0824816161ee1,40.840612735154764,140.71573303288437,official_tsuruha
ツルハドラッグ,ツルハドラッグ 青森新城店,青森県青森市大字新城字平岡175-38,official_72beeacd483391e7,40.82837353057511,140.67601169062652,official_tsuruha
ツルハドラッグ,調剤薬局ツルハドラッグ 青森新田店,青森県青森市新田２丁目２−１６,official_0dd59ff8ad8e4f28,40.8401047,140.7087696,official_tsuruha
ツルハドラッグ,ツルハドラッグ 安原店,青森県弘前市泉野1丁目4番地5,official_ac784c943ca11d0a,40.57585023674751,140.49319152147845,official_tsuruha
ツルハドラッグ,ツルハドラッグ 弘前神田店,青森県弘前市大字神田5丁目6-2,official_cfc6371ca024526c,40.62608096759652,140.49202089495736,official_tsuruha
ツルハドラッグ,ツルハドラッグ 弘前堅田店,青森県弘前市大字堅田2丁目2番22,official_ffde7c89e466957d,40.61543861319086,140.4899134776937,official_tsuruha
ツルハドラッグ,ツルハドラッグ 弘前駅前店,青森県弘前市大字駅前2丁目6番地2,official_da22d0895684b88d,40.6009741123861,140.47943513435862,official_tsuruha
ツルハドラッグ,調剤薬局ツルハドラッグ 弘前豊原店,青森県弘前市大字豊原1丁目3-4,official_ea3d0ecfc4a12ed6,40.5822309,140.4757254,official_tsuruha
ツルハドラッグ,ツルハドラッグ 弘前西城北店,青森県弘前市大字西城北1丁目2番４,official_145a6a7d9f239940,40.615524,140.471459,official_tsuruha
ツルハドラッグ,ツルハドラッグ 七戸店,青森県上北郡七戸町字笊田川久保32-2,official_f4e51bb6d6e29276,40.6969642,141.1624569,official_tsuruha
ツルハドラッグ,ツルハドラッグ 弘前浜の町店,青森県弘前市大字浜の町西2丁目2-7,official_b4fd2e58dab7afcc,40.61986970890262,140.4587859153852,official_tsuruha
ツルハドラッグ,ツルハドラッグ 弘前石渡店,青森県弘前市大字石渡4丁目13番地4,official_6bc406bd45b433b2,40.629467,140.458713,official_tsuruha
ツルハドラッグ,ツルハドラッグ 弘前樹木店,青森県弘前市大字樹木4丁目3番地1,official_6539c92c38e543d7,40.5894496,140.4559565,official_tsuruha
ツルハドラッグ,調剤薬局ツルハドラッグ 十和田店,青森県十和田市西十二番町15番26号,official_cda5b2e2ebe51fc8,40.61263931371225,141.20053509731974,official_tsuruha
ツルハドラッグ,ツルハドラッグ 十和田中央店,青森県十和田市稲生町13番39号,official_817926fadc356222,40.61590042161712,141.211471500988,official_tsuruha
ツルハドラッグ,ツルハドラッグ 板柳福野田店,青森県北津軽郡板柳町大字福野田字実田4番地15,official_4030065938e7709d,40.69562678453772,140.46167123502855,official_tsuruha
ツルハドラッグ,ツルハドラッグ 十和田南店,青森県十和田市東四番町４番３０号,official_18fd6e373698acc4,40.607626448985876,141.2212141545129,official_tsuruha
ツルハドラッグ,ツルハドラッグ 板柳店,青森県北津軽郡板柳町大字灰沼字東267-1,official_1405593263d74e1e,40.70611298036508,140.45539504637617,official_tsuruha
ツルハドラッグ,ツルハドラッグ 弘前岩木店,青森県弘前市大字一町田字村元714,official_c5ae74832d88639a,40.6142839033875,140.424319045126,official_tsuruha
ツルハドラッグ,ツルハドラッグ 五所川原広田店,青森県五所川原市大字広田字柳沼41-2,official_12b60b51adf91c38,40.78393259862032,140.46224308247307,official_tsuruha
ツルハドラッグ,ツルハドラッグ 平内店,青森県東津軽郡平内町小湊家ノ下15-4,official_7ab7f20ecd9c9007,40.925130171283584,140.95968014618379,official_tsuruha
ツルハドラッグ,ツルハドラッグ 五所川原店,青森県五所川原市唐笠柳517-7,official_b1104901e5161804,40.8020452297734,140.46126122155945,official_tsuruha
ツルハドラッグ,ツルハドラッグ アクロス五所川原店,青森県五所川原市大字唐笠柳字藤巻626番地,official_0fc636376910854d,40.8020814714284,140.46127721846634,official_tsuruha
ツルハドラッグ,ツルハドラッグ 野辺地店,青森県上北郡野辺地町字野辺地41-1,official_96ff1baad542fbee,40.863581883994044,141.12659880634058,official_tsuruha
ツルハドラッグ,ツルハドラッグ 五所川原松島店,青森県五所川原市大字漆川字袖掛158番18,official_cf1f6d07669281d8,40.80955200808168,140.45966523436178,official_tsuruha
ツルハドラッグ,ツルハドラッグ 五所川原本町店,青森県五所川原市字本町25-2,official_0a578cde4cfd3fd9,40.808863,140.442471,official_tsuruha
ツルハドラッグ,ツルハドラッグ つがる柏店,青森県つがる市柏広須志野田166-1,official_b7c0fea6a7ad118f,40.8019544,140.4004748,official_tsuruha
ツルハドラッグ,ツルハドラッグ 三戸店,青森県三戸郡三戸町川守田字下比良35外,official_faa0e643354235c7,40.397637695554714,141.26336447175828,official_tsuruha
ツルハドラッグ,ツルハドラッグ 三沢南町店,青森県三沢市南町2丁目31-161,official_b96e64c4bbbb2342,40.67432848238827,141.37258722736183,official_tsuruha
ツルハドラッグ,ツルハドラッグ 三沢南山店,青森県三沢市大字三沢字南山73番3号,official_6cc84989fa1eebc5,40.68843427143086,141.38881694631252,official_tsuruha
ツルハドラッグ,ツルハドラッグ 福地南部店,青森県三戸郡南部町大字苫米地字白山堂1-2,official_417880ff3f42fcc2,40.467682393628344,141.38802220144083,official_tsuruha
ツルハドラッグ,ツルハドラッグ 鯵ヶ沢店,青森県西津軽郡鰺ヶ沢町大字舞戸町字久富17-8,official_babc428915004044,40.77583203,140.2257741,official_tsuruha
ツルハドラッグ,ツルハドラッグ 河原木店,青森県八戸市下長四丁目1-9,official_7af7877dbae3c7fe,40.53429771950413,141.47739899172663,official_tsuruha
ツルハドラッグ,調剤薬局ツルハドラッグ 八戸売市店,青森県八戸市売市2丁目13番15号,official_18f582fd1e8e86a1,40.510930943633994,141.47414851555254,official_tsuruha
ツルハドラッグ,ツルハドラッグ 八戸八太郎店,青森県八戸市八太郎2丁目22番１,official_b03c6116fe79cef9,40.537877,141.487481,official_tsuruha
ツルハドラッグ,ツルハドラッグ 八戸大杉平店,青森県八戸市根城2丁目2番6,official_1c7cc22855bd01da,40.500828,141.481534,official_tsuruha
ツルハドラッグ,ツルハドラッグ 本八戸駅前店,青森県八戸市城下2丁目1-12,official_8edfad056899ee39,40.517225,141.487377,official_tsuruha
ツルハドラッグ,ツルハドラッグ 十八日町店,青森県八戸市十八日町27,official_04d28aab1447060d,40.51176813,141.4952374,official_tsuruha
ツルハドラッグ,調剤薬局ツルハドラッグ 八戸江陽店,青森県八戸市江陽2丁目13番40号,official_b4ddb5f506bcb963,40.523508888910634,141.50196754455322,official_tsuruha
ツルハドラッグ,ツルハドラッグ 八戸小中野店,青森県八戸市小中野4丁目5番18号,official_de908925e698aab1,40.5190816247942,141.51280818556333,official_tsuruha
ツルハドラッグ,ツルハドラッグ 八戸諏訪店,青森県八戸市諏訪3丁目3番20号,official_591d9f5e106f9502,40.508000857674176,141.51232704017931,official_tsuruha
ツルハドラッグ,調剤薬局ツルハドラッグ 八戸田向店,青森県八戸市田向五丁目29番1号,official_1d574cb067feb5f4,40.488333755853986,141.5090797704205,official_tsuruha
ツルハドラッグ,ツルハドラッグ 八戸市民病院前店,青森県八戸市田向3丁目2番19号,official_7ecdd5e393328922,40.494973681776266,141.51440525821906,official_tsuruha
ツルハドラッグ,ツルハドラッグ みなと店,青森県八戸市湊町字新井田道12-1,official_19afbc695459584a,40.51419184135771,141.53553132134672,official_tsuruha
ツルハドラッグ,ツルハドラッグ 湊高台店,青森県八戸市湊高台三丁目7-1,official_70afadb6b2b555dc,40.507627391660634,141.543710855208,official_tsuruha
ツルハドラッグ,ツルハドラッグ 八戸鮫店,青森県八戸市21-1,official_b0405d35a1e96ebd,40.52746173556442,141.5550188411045,official_tsuruha
ツルハドラッグ,ツルハドラッグ むつ大平店,青森県むつ市大平町21番6号,official_0258523650721734,41.28257794710055,141.16845277547466,official_tsuruha
ツルハドラッグ,ツルハドラッグ むつ旭町店,青森県むつ市旭町3番12号,official_56681caafa36ff43,41.28654707,141.178976,official_tsuruha
ツルハドラッグ,調剤薬局ツルハドラッグ むつ小川店,青森県むつ市小川町一丁目104番地１,official_e601d5b52c55fe10,41.29203041635889,141.203774147064,official_tsuruha
ツルハドラッグ,ツルハドラッグ むつ店,青森県むつ市小川町1丁目9番31号,official_c9f3f336f5dcc4a2,41.29365466500383,141.2068195575452,official_tsuruha
ツルハドラッグ,ツルハドラッグ むつ柳町店,青森県むつ市大字田名部字前田３８-１,official_356d6471302f9154,41.30376651096708,141.2201889569981,official_tsuruha
ハッピードラッグ,ハッピー・ドラッグ 青森やえだ店,青森県青森市東造道3-15-1,official_1bb3674b0aae1a76,40.824278,140.801889,official_welcia
ハッピードラッグ,ハッピー・ドラッグ 青森三内店,青森県青森市三内玉作2-72,official_ff104d4315dbfd93,40.818378,140.714279,official_welcia
ハッピードラッグ,ハッピー・ドラッグ 青森新城店,青森県青森市新城平岡258-258,official_92d683b98910e081,40.822786,140.688678,official_welcia
ハッピードラッグ,ハッピー・ドラッグ 三沢堀口店,青森県三沢市堀口3-1-5,official_28f53a2da2e2c2ec,40.683934,141.386587,official_welcia
ハッピードラッグ,ハッピー・ドラッグ 三沢松園町店,青森県三沢市松園町3-1-1,official_522da7e37d39e1be,40.674847,141.368903,official_welcia
ハッピードラッグ,ハッピー・ドラッグ 八戸一番町店,青森県八戸市尻内町八百刈39-2,official_bf4fd6e8059156ff,40.505064,141.441873,official_welcia
ハッピードラッグ,ハッピー・ドラッグ 青森野辺地店,青森県上北郡野辺地町二本木25-5,official_82d65550fd19c369,40.864206,141.116413,official_welcia
ハッピードラッグ,ハッピー・ドラッグ 青森浪館店,青森県青森市浪館前田4-6-1,official_7037a5106b196492,40.810129,140.724581,official_welcia
ハッピードラッグ,ハッピー・ドラッグ 十和田穂並町店,青森県十和田市穂並町7-3,official_ab954a19d4ee4218,40.603315,141.223328,official_welcia
ハッピードラッグ,ハッピー・ドラッグ 青森五戸店,青森県三戸郡五戸町中道8-1,official_3259a0afdc61403a,40.519683,141.312707,official_welcia
ハッピードラッグ,ハッピー・ドラッグ 青森浪岡店,青森県青森市浪岡大字浪岡字若松124-1,official_b3915ac128214842,40.705452,140.592859,official_welcia
ハッピードラッグ,ハッピー・ドラッグ 青森佃店,青森県青森市中佃3-7-13,official_11e1eb82c4007514,40.814907,140.789682,official_welcia
ハッピードラッグ,ハッピー・ドラッグ 青森沖館店,青森県青森市柳川2-4-22,official_ee42f77fdb19c770,40.828351,140.731489,official_welcia
ハッピードラッグ,ハッピー・ドラッグ 青森階上店,青森県三戸郡階上町道仏字耳ヶ吠33-44,official_3604757b147ec605,40.449751,141.621649,official_welcia
ハッピードラッグ,ハッピー・ドラッグ 青森のぎわ店,青森県青森市羽白字沢田306-1,official_481b377806c759ac,40.853836,140.683825,official_welcia
ハッピードラッグ,ハッピー・ドラッグ 青森鰺ヶ沢店,青森県西津軽郡鰺ヶ沢町舞戸町字下富田58-1,official_d238dcd2d1a6a106,40.771172,140.226105,official_welcia
ハッピードラッグ,ハッピー・ドラッグ 八戸類家中央店,青森県八戸市類家4-41-5,official_878271515c6da192,40.502468,141.511957,official_welcia
ハッピードラッグ,ハッピー・ドラッグ 八戸湊高台店,青森県八戸市湊高台5-1-18,official_8fefa9dddcc36a70,40.506509,141.536784,official_welcia
ハッピードラッグ,ハッピー・ドラッグ 八戸田向店,青森県八戸市田向2-12-8,official_dcd45c6a8d936d2d,40.491787,141.515007,official_welcia
ハッピードラッグ,ハッピー・ドラッグ むつ大畑店,青森県むつ市大畑町中島39-26,official_8253852f139135c4,41.403783,141.170383,official_welcia
ハッピードラッグ,ハッピー・ドラッグ 五所川原金木店,青森県五所川原市金木町沢部454-8,official_f6bb36e7418d9d3a,40.903056,140.446779,official_welcia
ハッピードラッグ,ハッピー・ドラッグ 青森大鰐店,青森県南津軽郡大鰐町大鰐字前田5-1,official_108a5f41711c9378,40.520586,140.570876,official_welcia
ハッピードラッグ,ハッピー・ドラッグ 青森大間店,青森県下北郡大間町大間字奥戸上道17-1,official_2a73b27912847848,41.521306,140.909112,official_welcia
ハッピードラッグ,ハッピー・ドラッグ むつ中央店,青森県むつ市旭町2-30,official_d92cff7ed59b86a0,41.283129,141.183424,official_welcia
ハッピードラッグ,ハッピー・ドラッグ 青森久須志店,青森県青森市久須志3-18-7,official_0d50b2799d262e1e,40.81481,140.730349,official_welcia
ハッピードラッグ,ハッピー・ドラッグ むつとまぶモール店,青森県むつ市金曲1-2-4,official_214022b608ded041,41.283433,141.214524,official_welcia
ハッピードラッグ,ハッピー・ドラッグ 青森上北町店,青森県上北郡東北町旭北1-3-16,official_43044b87b1e77cda,40.733073,141.268691,official_welcia
ハッピードラッグ,ハッピー・ドラッグ 青森奥野店,青森県青森市奥野2-26-10,official_0412b8e5500fb0ff,40.809791,140.766625,official_welcia
ハッピードラッグ,ハッピー・ドラッグ 青森戸山店,青森県青森市蛍沢4-2-8,official_331618fbe645f72d,40.795259,140.806862,official_welcia
ハッピードラッグ,ハッピー・ドラッグ 青森浪打店,青森県青森市佃1-20-30,official_0925e3fd8f824104,40.819786,140.780063,official_welcia
ハッピードラッグ,ハッピー・ドラッグ 弘前桔梗野店,青森県弘前市桔梗野1-2-2,official_3d3c6304af956b3a,40.589691,140.468779,official_welcia
ハッピードラッグ,ハッピー・ドラッグ 平川平賀店,青森県平川市本町平野12-9,official_3965a302367886ee,40.582093,140.571788,official_welcia
ハッピードラッグ,ハッピー・ドラッグ 八戸下長店,青森県八戸市下長3-13-8,official_13fbf7de6c6af990,40.535099,141.477051,official_welcia
ハッピードラッグ,ハッピー・ドラッグ 三沢岡三沢店,青森県三沢市下久保1-1-3,official_9c8c514dfe35b3de,40.684369,141.382455,official_welcia
ハッピードラッグ,ハッピー・ドラッグ 青森勝田店,青森県青森市勝田1-20-1,official_7dce3dbda0f8fd9a,40.816122,140.757998,official_welcia
ハッピードラッグ,ハッピー・ドラッグ 五所川原広田店,青森県五所川原市姥萢船橋242-6,official_eb769436cd8c534a,40.784289,140.460814,official_welcia
ハッピードラッグ,ハッピー・ドラッグ 青森三戸店,青森県三戸郡三戸町同心町字古間木平1-1,official_db9dad93e4bc51ab,40.374186,141.255155,official_welcia
ハッピードラッグ,ハッピー・ドラッグ 弘前岩木店,青森県弘前市一町田村元712-1,official_20cad93226d47abc,40.612079,140.428223,official_welcia
ハッピードラッグ,ハッピー・ドラッグ 青森おいらせ店,青森県上北郡おいらせ町牛込平80-1,official_7e632b723d67e20c,40.599789,141.441271,official_welcia
ハッピードラッグ,ハッピー・ドラッグ 青森蟹田店,青森県東津軽郡外ヶ浜町蟹田中師火箱沢29-3,official_5069e24ca7bfde31,41.045786,140.634884,official_welcia
ハッピードラッグ,ハッピー・ドラッグ 青森鶴田店,青森県北津軽郡鶴田町鶴田沖津47-1,official_98da3e075c2bd12c,40.747891,140.430809,official_welcia
ハッピードラッグ,ハッピー・ドラッグ 八戸湊高台中央店,青森県八戸市湊高台4-18-13,official_7d84d626a1fab3a1,40.505286,141.545293,official_welcia
ハッピードラッグ,ハッピー・ドラッグ 青森深浦店,青森県西津軽郡深浦町深浦苗代沢27-1,official_427814076954e5b2,40.651665,139.942309,official_welcia
ハッピードラッグ,ハッピー・ドラッグ 青森おいらせ青葉店,青森県上北郡おいらせ町青葉5-50-1486,official_b966057bd2b1a70e,40.651178,141.378161,official_welcia
ハッピードラッグ,ハッピー・ドラッグ 青森西大野店,青森県青森市西大野3-13-8,official_8a28e34bd89a76bf,40.798188,140.731644,official_welcia
ハッピードラッグ,ハッピー・ドラッグ 八戸根城店,青森県八戸市根城2-26-27,official_a0579105ea0c4e2e,40.499443,141.480025,official_welcia
ハッピードラッグ,ハッピー調剤薬局 八戸田向南店,青森県八戸市田向5-22-17,official_3f6e4f9cd9ebd3f1,40.487503,141.514497,official_welcia
ハッピードラッグ,ハッピー・ドラッグ 八戸青葉薬局,青森県八戸市青葉3-31-1,official_dd80a5645d120d34,40.507091,141.515887,official_welcia
ハッピードラッグ,ハッピー・ドラッグ 青森剣吉薬局,青森県三戸郡南部町剣吉字堰合15-4,official_c260ba6db4385b14,40.444634,141.349658,official_welcia
ハッピードラッグ,ハッピー調剤薬局 青森鰺ヶ沢舞戸店,青森県西津軽郡鰺ヶ沢町舞戸町字下冨田57-2,official_2a5143c610883c81,40.771194,140.226174,official_welcia
ハッピードラッグ,ハッピー・ドラッグ 八戸城下薬局,青森県八戸市城下4-4-19,official_481a555a697ec8c3,40.519955,141.494707,official_welcia
ハッピードラッグ,ハッピー・ドラッグ 青森中里店,青森県北津軽郡中泊町中里字紅葉坂159-1,official_a07bbe5f3b67122f,40.959513,140.437351,official_welcia
ハッピードラッグ,ハッピー・ドラッグ 青森八重田SC店,青森県青森市造道3-25-1,official_b5a9ebd1610da128,40.828967,140.793161,official_welcia
ハッピードラッグ,ハッピー・ドラッグ 八戸旭ヶ丘店,青森県八戸市新井田字小久保尻16-127,official_e1b8560c0bee73af,40.495856,141.544894,official_welcia
ハッピードラッグ,ハッピー・ドラッグ むつ金谷店,青森県むつ市金谷2-22-1,official_ee93a09e33709f5c,41.295066,141.19667,official_welcia
ハッピードラッグ,ハッピー・ドラッグ 十和田西金崎店,青森県十和田市西23-60-19,official_afcde29d883aec02,40.601616,141.198278,official_welcia
ハッピードラッグ,ハッピー・ドラッグ 弘前土手町店,青森県弘前市土手町89-1,official_fe671626da288018,40.596992,140.477446,official_welcia
ハッピードラッグ,ハッピー・ドラッグ 青森浜館店,青森県青森市浜館6-4-21,official_2440923386b31422,40.803592,140.789956,official_welcia
ハッピードラッグ,ハッピー・ドラッグ 青森油川店,青森県青森市油川浪返102-1,official_10ea11fe58611528,40.846487,140.705956,official_welcia
ハッピードラッグ,ハッピー・ドラッグ 青森松原店,青森県青森市松原3-13-21,official_125ffd12d340c065,40.815185,140.767812,official_welcia
ハッピードラッグ,ハッピー・ドラッグ 弘前城東店,青森県弘前市田園3-5-12,official_03ca9519e4ffd086,40.599837,140.512123,official_welcia
ハッピードラッグ,ハッピー・ドラッグ つがる森田店,青森県つがる市森田町山田渕浪90,official_6731bc0162cfd949,40.780508,140.36678,official_welcia
ハッピードラッグ,ハッピー・ドラッグ 弘前浜の町店,青森県弘前市浜の町西1-5-21,official_d8e9464d22c8360d,40.615243,140.462646,official_welcia
ハッピードラッグ,ハッピー・ドラッグ 八戸売市店,青森県八戸市根城9-5-3,official_928f3957bf4e2c20,40.505568,141.472543,official_welcia
ハッピードラッグ,ハッピー・ドラッグ 青森南佃店,青森県青森市南佃2-7-10,official_4ff5de3a1f5bf3f8,40.812788,140.787182,official_welcia
ハッピードラッグ,ハッピー・ドラッグ 青森観光通店,青森県青森市緑3-11-8,official_6b8c541c76bdd213,40.803019,140.757499,official_welcia
ハッピードラッグ,ハッピー・ドラッグ 八戸湊中道店,青森県八戸市湊町中道55,official_1bd70533adeb24a6,40.518589,141.536147,official_welcia
ハッピードラッグ,ハッピー・ドラッグ つがる木造店,青森県つがる市木造浮巣51-1,official_64b7434bcb61c460,40.810645,140.395574,official_welcia
ハッピードラッグ,ハッピー・ドラッグ 青森幸畑店,青森県青森市幸畑5-1-3,official_b971dcf34e9d712c,40.778286,140.784694,official_welcia
ハッピードラッグ,ハッピー・ドラッグ 五所川原松島店,青森県五所川原市一ツ谷548-1,official_ccd04d0c3986a504,40.805709,140.456903,official_welcia
ハッピードラッグ,ハッピー・ドラッグ 弘前堅田店,青森県弘前市青山1-11-2,official_d56fa8f8ca0fa436,40.615255,140.487325,official_welcia
ハッピードラッグ,ハッピー・ドラッグ 十和田元町西店,青森県十和田市元町西4-3-30,official_e2f44aa4dd6d9816,40.618589,141.204319,official_welcia
ハッピードラッグ,ハッピー・ドラッグ 弘前城東中央店,青森県弘前市城東中央3-3-1,official_98d216f0b5e13ff8,40.597082,140.497479,official_welcia
ハッピードラッグ,ハッピー・ドラッグ 青森藤崎店,青森県南津軽郡藤崎町葛野新岡元109,official_fc81d82e6cfbd93e,40.656702,140.502598,official_welcia
ハッピードラッグ,ハッピー・ドラッグ 平川尾上店,青森県平川市尾上栄松48-1,official_fbddea478b0fce82,40.613764,140.583891,official_welcia
ハッピードラッグ,ハッピー・ドラッグ 八戸吹上店,青森県八戸市吹上2-16-22,official_8b7feef020fbabb3,40.496428,141.503346,official_welcia
ハッピードラッグ,ハッピー・ドラッグ 青森六戸店,青森県上北郡六戸町犬落瀬後田52-5,official_84fb4c69bdb4bf3a,40.603486,141.329874,official_welcia
ハッピードラッグ,ハッピー・ドラッグ 八戸桔梗野店,青森県八戸市松ケ丘5-1,official_a2b72d3ef31762b5,40.550865,141.452854,official_welcia
ハッピードラッグ,ハッピー・ドラッグ 弘前大原店,青森県弘前市大原2-5-26,official_392504ded17f0983,40.573979,140.452479,official_welcia
ハッピードラッグ,ハッピー・ドラッグ 八戸類家店,青森県八戸市南類家3-2-12,official_ecdbc51d3636d900,40.498848,141.513074,official_welcia
ハッピードラッグ,ハッピー・ドラッグ 青森旭町通店,青森県青森市金沢3-27-22,official_8495ec8112d4d0fd,40.80763,140.73959,official_welcia
ハッピードラッグ,ハッピー・ドラッグ 十和田元町東店,青森県十和田市元町東3-3-35,official_d29a8740130d841d,40.621949,141.218807,official_welcia
ハッピードラッグ,ハッピー・ドラッグ 弘前和徳店,青森県弘前市和徳町165,official_fae58765cec38c9e,40.604943,140.48602,official_welcia
ハッピードラッグ,ハッピー・ドラッグ 弘前樋の口店,青森県弘前市樋の口2-9-6イオンタウン弘前樋の口内,official_56b34689cf787c0d,40.599868,140.44703,official_welcia
ハッピードラッグ,ハッピー・ドラッグ 青森中央店,青森県青森市東大野2-8-4,official_bdf7bb96460a31f3,40.796086,140.748254,official_welcia
ハッピードラッグ,ハッピー・ドラッグ 黒石北美店,青森県黒石市北美町1-42-2,official_f515a96ba8a7760f,40.650746,140.606304,official_welcia
